CATEGORY,LINK,TITLE,AUTHOR,DATE,PUBLISHED_IN_PRINT
Fiction,https://yalereview.org/article/caleb-crain-maids-room,In the Maid’s Room,Caleb Crain,"October 24, 2022",False
Fiction,https://yalereview.org/article/self-similar,Self-Similar,J. R. Gerow,"October 29, 2018",False
Fiction,https://yalereview.org/article/jj-ftw,J.J. FTW,Karen Tucker,"October 8, 2018",False
Fiction,https://yalereview.org/article/grandma,Grandma,Rommel Manosalvas,"July 6, 2021",False
Fiction,https://yalereview.org/article/ladder,The Ladder,Sina Kian,"December 4, 2018",False
TYR Talks,https://yalereview.org/article/sheila-heti-reads-from-les-comètes,"Sheila Heti Reads from ""Les Comètes""",Sheila Heti,"June 14, 2021",False
Fiction,https://yalereview.org/article/cora-lewis-information-age,Information Age,Cora Lewis,"March 21, 2022",False
Fiction,https://yalereview.org/article/why-tether-jen-silverman,Why Tether,Jen Silverman,"April 25, 2022",False
Fiction,https://yalereview.org/article/shame-exchange,The Shame Exchange,Karen E. Bender,"January 21, 2019",False
Fiction,https://yalereview.org/article/lufthansa,Lufthansa,Amy Kiger-Williams,"February 26, 2019",False
Fiction,https://yalereview.org/article/narrow-cafe,The Narrow Café,Jerri Jerreat,"November 12, 2018",False
Fiction,https://yalereview.org/article/one-small-thing,One Small Thing,Maria Kuznetsova,"May 12, 2021",False
Fiction,https://yalereview.org/article/sounds-of-woe,Sounds of Woe,Cora Lewis,"July 26, 2021",False
Fiction,https://yalereview.org/article/charlton-call-martini,Call Martini,Meg Charlton,"March 6, 2023",False
Fiction,https://yalereview.org/article/varela-grand-openings,Grand Openings,Alejandro Varela,"April 3, 2023",False
Fiction,https://yalereview.org/article/susan-taubes-dr-rombachs-daughter,Dr. Rombach's Daughter,Susan Taubes,"April 24, 2023",False
Fiction,https://yalereview.org/article/jamel-brinkley-bystander,Bystander,Jamel Brinkley,"June 26, 2023",False
Fiction,https://yalereview.org/article/stalking,Stalking,John Sayles,"April 1, 2019",True
Fiction,https://yalereview.org/article/woman-next-door,The Woman Next Door,Ha Seong-Nan,"April 1, 2019",True
fiction,https://yalereview.org/article/man-overboard,Man Overboard,Jean McGarry,"July 1, 2019",True
fiction,https://yalereview.org/article/i-can-see-your-house-here,I Can See Your House from Here,Jean McGarry,"July 1, 2019",True
Fiction,https://yalereview.org/article/save-pedestals,Save the Pedestals,Ivan Vladislavić,"January 1, 2020",True
Fiction,https://yalereview.org/article/alger-le-cri,"Alger, le cri",Samir Toumi,"January 1, 2019",True
Fiction,https://yalereview.org/article/mr-crime-and-punishment-and-war-and-peace,Mr. Crime and Punishment and War and Peace,Gish Jen,"January 1, 2019",True
Fiction,https://yalereview.org/article/husband-and-wife-during-nightly-news,Husband and Wife During the Nightly News,Idra Novey,"January 1, 2020",True
Fiction,https://yalereview.org/article/breathing-exercise,Breathing Exercise,Raven Leilani,"January 1, 2020",True
Fiction,https://yalereview.org/article/hearts-our-enemies,The Hearts of Our Enemies,Dantiel W. Moniz,"April 1, 2020",True
Fiction,https://yalereview.org/article/silver-pearl,The Silver Pearl,Joanna Scott,"April 1, 2019",True
Collaborations,https://yalereview.org/article/shapton-heti-naming-joan-custard,Naming Joan Custard,Leanne Shapton,"September 18, 2023",True
Fiction,https://yalereview.org/article/pilots-instructions,The Pilot’s Instructions,Karen E. Bender,"October 1, 2018",True
Fiction,https://yalereview.org/article/property,Property,David Moloney,"April 1, 2020",True
Fiction,https://yalereview.org/article/words,Words,Joyce Carol Oates,"April 1, 2000",True
Fiction,https://yalereview.org/article/roast-suckling-pig,Roast Suckling Pig,Donald Hall,"April 1, 2002",True
From the Archives,https://yalereview.org/article/haruki-murakami-the-mirror,The Mirror,Haruki Murakami,"July 1, 2006",True
Fiction,https://yalereview.org/article/owl-eyes,Owl Eyes,Joyce Carol Oates,"July 1, 2016",True
Fiction,https://yalereview.org/article/dina-nayeri-pinch-story,The Pinch,Dina Nayeri,"November 1, 2017",True
Fiction,https://yalereview.org/article/artists-model,The Artist’s Model,Mary Gordon,"November 1, 2017",True
Fiction,https://yalereview.org/article/love-3-excerpts,Love (3 Excerpts),Hanne Ørstavik,"November 1, 2017",True
Fiction,https://yalereview.org/article/fortune-teller,The Fortune Teller,Ellen Wilbur,"April 1, 2018",True
Fiction,https://yalereview.org/article/slow-heart,Slow the Heart,Kate Walbert,"April 1, 2018",True
Fiction,https://yalereview.org/article/love-and-money,Love and Money,Joan Silber,"April 1, 2018",True
Fiction,https://yalereview.org/article/continental,Continental,Terese Svoboda,"April 1, 2018",True
Fiction,https://yalereview.org/article/pretty-things-excerpt,Pretty Things,Virginie Despentes,"July 1, 2018",True
Fiction,https://yalereview.org/article/plant-contradictions,Plant of Contradictions,Tiphanie Yanique,"July 1, 2018",True
Fiction,https://yalereview.org/article/four-japanese-stories,Four Japanese Stories,Ryūnosuke Akutagawa,"July 1, 2018",True
Fiction,https://yalereview.org/article/eternal-return,Eternal Return,Sergio Troncoso,"July 1, 2018",True
Fiction,https://yalereview.org/article/anthropophagi,Anthropophagi,Leslie Epstein,"October 1, 2018",True
Fiction,https://yalereview.org/article/introduction-works-sl,An Introduction to the Works of S.L.,Aysegül Savas,"April 1, 2020",True
Fiction,https://yalereview.org/article/blanca,Blanca,Jared Jackson,"September 1, 2020",True
Pandemic Files,https://yalereview.org/article/do-you-know-alex-oreille,Do You Know Alex Oreille,Katie Kitamura,"June 1, 2020",True
Fiction,https://yalereview.org/article/briggs-bessette-lili-crying-translation,Lili Is Crying,Kate Briggs,"December 1, 2021",True
Fiction,https://yalereview.org/article/nami-mun-fiction,The Hermit,Nami Mun,"March 1, 2022",True
Fiction,https://yalereview.org/article/cord-jefferson-front-house,The Front House,Cord Jefferson,"March 1, 2022",True
Fiction,https://yalereview.org/article/karen-bender-messengers-story,Messengers,Karen E. Bender,"June 1, 2022",True
Fiction,https://yalereview.org/article/monica-ferrell-regular-visitors,Regular Visitors,Monica Ferrell,"September 1, 2022",True
Fiction,https://yalereview.org/article/kristen-arnett-pirates,Pirates,Kristen Arnett,"September 1, 2022",True
Fiction,https://yalereview.org/article/siphiwe-gloria-ndlovu-postman,The Postman,Siphiwe Gloria Ndlovu,"December 6, 2022",True
Fiction,https://yalereview.org/article/tsitsi-dangarembga-jana-dives,Jana Dives,Tsitsi Dangarembga,"December 6, 2022",True
Folio,https://yalereview.org/article/nona-fernandez-illumination-santiago,The Illumination of Santiago,Nona Fernández,"March 27, 2023",True
Folio,https://yalereview.org/article/alejandro-zambra-penultimate-activities,Penultimate Activities,Alejandro Zambra,"March 27, 2023",True
Folio,https://yalereview.org/article/cristina-rivera-garza-foreigner,Foreigner,Cristina Rivera Garza,"March 27, 2023",True
Fiction,https://yalereview.org/article/molly-dektar-the-rally,The Rally,Molly Dektar,"June 12, 2023",True
Fiction,https://yalereview.org/article/agnes-lidbeck-cumulus,Cumulus,Agnes Lidbeck,"June 12, 2023",True
Fiction,https://yalereview.org/article/merritt-tierce-winners,Winners,Merritt Tierce,"September 18, 2023",True
Fiction,https://yalereview.org/article/caroline-gioiosa-paternal-leave,Paternal Leave,Caroline Gioiosa,"September 18, 2023",True
Fiction,https://yalereview.org/article/renee-gladman-people-grasses-fiction,People in the Grasses,Renee Gladman,"December 1, 2021",True
Fiction,https://yalereview.org/article/dionne-brand-small-life-fiction,small life,Dionne Brand,"December 1, 2021",True
Fiction,https://yalereview.org/article/canisia-lubrin-boy-girls-dog,"The Boy, the Girls, the Dog, and I Was There",Canisia Lubrin,"December 1, 2021",True
Fiction,https://yalereview.org/article/here-i-will-have-been,Here I Will Have Been,Matthew Jeffrey Vegari,"September 20, 2021",True
Fiction,https://yalereview.org/article/queen-bark-and-darkness,The Queen of Bark and Darkness,Joanna Hershon,"September 1, 2020",True
Fiction,https://yalereview.org/article/blessing-kali,The Blessing of Kali,Irene Muchemi-Ndiritu,"September 1, 2020",True
Fiction,https://yalereview.org/article/so-long,So Long,Antonio Tabucchi,"September 1, 2020",True
From the Archives,https://yalereview.org/article/robert-pinsky-clara-benedict,Clara and Benedict,Robert Pinsky,"January 1, 1984",True
Fiction,https://yalereview.org/article/birthday,Birthday,Jesse Ball,"September 1, 2020",True
Fiction,https://yalereview.org/article/ana-and-water,Ana and the Water,Carla Guelfenbein,"September 1, 2020",True
Drama,https://yalereview.org/article/julia-cho-you-short-play,You: A Short Play,Julia Cho,"December 1, 2020",True
Fiction,https://yalereview.org/article/short-swoop-long-line,"Short Swoop, Long Line",Andrew Martin,"June 1, 2020",True
Fiction,https://yalereview.org/article/yiyun-li-the-reason-why-fiction,The Reason Why,Yiyun Li,"December 1, 2020",True
Fiction,https://yalereview.org/article/some-agonies-over-and-over,Some Agonies Over and Over,Olivia Clare,"May 19, 2021",True
Fiction,https://yalereview.org/article/massachusetts,Massachusetts,Caleb Crain,"May 19, 2021",True
Collaborations,https://yalereview.org/article/les-comètes,Les Comètes,Leanne Shapton,"May 19, 2021",True
Fiction,https://yalereview.org/article/subaqueous,Subaqueous,Joyce Carol Oates,"June 16, 2021",True
Fiction,https://yalereview.org/article/ikonomou-emmerich-they-always-meet,Where They Always Meet,Christos Ikonomou,"June 28, 2021",True
Fiction,https://yalereview.org/article/novey-fiction-the-glacier,The Glacier,Idra Novey,"June 28, 2021",True
Fiction,https://yalereview.org/article/brandon-taylor-fiction-colonial-conditions,Colonial Conditions,Brandon Taylor,"September 13, 2021",True
Drama,https://yalereview.org/article/aleshea-harris-on-sugarland-play-excerpt,On Sugarland: A Play,Aleshea Harris,"December 1, 2020",True
From the Archives,https://yalereview.org/article/cormac-mccarthy-story-bounty,Bounty,Cormac McCarthy,"March 1, 1965",True
